{
    "XGBoost": {
        "Train": {
            "MSE": 484246.36083702167,
            "RMSE": 695.8781221140823,
            "MAE": 260.0116313989569,
            "R2": 0.720475821234051
        },
        "Test": {
            "MSE": 471645.75630642386,
            "RMSE": 686.7647022863245,
            "MAE": 261.1893246927074,
            "R2": 0.7204915300742445
        }
    },
    "LinearRegression": {
        "Train": {
            "MSE": 1094350.4928703338,
            "RMSE": 1046.112084276983,
            "MAE": 476.7505092131133,
            "R2": 0.3683020719599279
        },
        "Test": {
            "MSE": 1059590.659056764,
            "RMSE": 1029.3642013674091,
            "MAE": 475.0387629460227,
            "R2": 0.3720614255497221
        }
    }
}